Field1,Field2
test,test
test,test
test,test
test,test
test,test
test,test
test,test
test,test
test,test
test,test
test,test
test,test
test,test
test,test
test,test
test,test
test,test
test,test
test,test
test,test
test,test
test,test
test,test
test,test
test,test
test,test
test,test
test,test
test,test
test,test
test,test
test,test
test,test
test,test
test,test
test,test
test,test
test,test
test,test
test,test
test,test
test,test
test,test
test,test
test,test
test,test
test,test
test,test
test,test
